{
    "appliances": 0.0,
    "bathtub": 0.875,
    "bed": 0.6527777777777778,
    "blinds": 0.0,
    "cabinet": 0.4981949458483754,
    "chair": 0.7984189723320159,
    "chest_of_drawers": 0.11627906976744186,
    "clothes": 0.0,
    "curtain": 0.5343915343915344,
    "cushion": 0.6453900709219859,
    "fireplace": 0.0,
    "furniture": 0.0,
    "gym_equipment": 0.045454545454545456,
    "lighting": 0.4498567335243553,
    "mirror": 0.26373626373626374,
    "objects": 0.7094918504314478,
    "picture": 0.7913385826771654,
    "plant": 0.18229166666666666,
    "seating": 0.16279069767441862,
    "shelving": 0.23076923076923078,
    "shower": 0.38596491228070173,
    "sink": 0.5454545454545454,
    "sofa": 0.46875,
    "stool": 0.0,
    "table": 0.4908424908424908,
    "toilet": 0.3103448275862069,
    "towel": 0.0,
    "tv_monitor": 0.058823529411764705
}