{
    "appliances": 0.06666666666666667,
    "bathtub": 0.7916666666666666,
    "bed": 0.7083333333333334,
    "blinds": 0.0,
    "cabinet": 0.5126353790613718,
    "chair": 0.808300395256917,
    "chest_of_drawers": 0.43023255813953487,
    "clothes": 0.0,
    "curtain": 0.6613756613756614,
    "cushion": 0.7730496453900709,
    "fireplace": 0.08333333333333333,
    "furniture": 0.0,
    "gym_equipment": 0.09090909090909091,
    "lighting": 0.5214899713467048,
    "mirror": 0.3956043956043956,
    "objects": 0.7027804410354745,
    "picture": 0.7519685039370079,
    "plant": 0.2916666666666667,
    "seating": 0.06976744186046512,
    "shelving": 0.36923076923076925,
    "shower": 0.6491228070175439,
    "sink": 0.5909090909090909,
    "sofa": 0.40625,
    "stool": 0.02531645569620253,
    "table": 0.5164835164835165,
    "toilet": 0.5517241379310345,
    "towel": 0.17204301075268819,
    "tv_monitor": 0.27450980392156865
}